Threads,Dynamic Time (s),Dynamic Speedup,Guided Time (s),Guided Speedup,Static Time (s),Static Speedup
2,6.352650,1.273x,5.292960,1.528x,5.408404,1.495x
4,3.389704,2.385x,3.229020,2.504x,3.408240,2.372x
6,2.776014,2.913x,2.200812,3.674x,2.706589,2.987x
8,2.299536,3.516x,1.795256,4.504x,2.751323,2.939x
